{
  "channels": {
    "0": {
      "min": -45.0,
      "max": 4151.0,
      "mean": 891.0607684570313,
      "std": 848.4593186942258
    },
    "1": {
      "min": -9257.0,
      "max": 9966.0,
      "mean": 5348.706035180664,
      "std": 2184.4537789453047
    },
    "2": {
      "min": -819.556640625,
      "max": 2470.88232421875,
      "mean": 53.13043547224561,
      "std": 25.081097077972135
    },
    "3": {
      "min": -91.59223175048828,
      "max": 52.26896667480469,
      "mean": -0.7374582046666115,
      "std": 2.4374048717283334
    },
    "4": {
      "min": 0.0,
      "max": 27103.60546875,
      "mean": 30.990424445977766,
      "std": 215.8667135274716
    },
    "5": {
      "min": -69.9997787475586,
      "max": 56.21477127075195,
      "mean": 0.32576859099026295,
      "std": 1.4860925162706722
    },
    "6": {
      "min": -0.1289878934621811,
      "max": 0.06587615609169006,
      "mean": 0.006588163837272468,
      "std": 0.0037688425203469297
    },
    "7": {
      "min": -505870.0625,
      "max": 37669.40234375,
      "mean": 158.31621731358823,
      "std": 3006.386874498821
    },
    "8": {
      "min": -442.5750732421875,
      "max": 716.6276245117188,
      "mean": 281.9343195057608,
      "std": 18.372644749413414
    },
    "9": {
      "min": 0.0,
      "max": 1229.8487548828125,
      "mean": 297.769465388605,
      "std": 19.30951370633986
    },
    "10": {
      "min": -67.1834716796875,
      "max": 95.25706481933594,
      "mean": 3.634213280535828,
      "std": 1.3078778721451048
    },
    "11": {
      "min": -1.0,
      "max": 1.0,
      "mean": -0.0016533203125,
      "std": 0.1345540265588298
    }
  },
  "tile_size": 64,
  "crs": "EPSG:4326",
  "count_sampled_tiles": 5000
}